{
    "DJI": {
        "front": {
            "0": 0.2369,
            "1": 0.6912,
            "2": 1.0,
            "3": 0.0,
            "4": 0.45430000000000004,
            "5": 0.3088,
            "6": 0.5457000000000001,
            "7": 0.7631,
            "8": 0.3088,
            "9": 0.6912
        },
        "back": {
            "0": 0.5697000000000001,
            "1": 0.6917000000000001,
            "2": 0.2189,
            "3": 0.7386,
            "4": 0.5272,
            "5": 0.2189,
            "6": 0.7811000000000001,
            "7": 0.7811000000000001,
            "8": 0.0,
            "9": 0.4728
        }
    },
    "SENSEX": {
        "front": {
            "0": 0.2467,
            "1": 0.4716,
            "2": 0.2817,
            "3": 1.0,
            "4": 1.0,
            "5": 0.5284,
            "6": 0.4716,
            "7": 0.0,
            "8": 0.49950000000000006,
            "9": 0.5005
        },
        "back": {
            "0": 0.7093,
            "1": 0.5524,
            "2": 1.0,
            "3": 0.0,
            "4": 0.4759,
            "5": 0.4476,
            "6": 0.7666,
            "7": 0.0,
            "8": 0.5241,
            "9": 0.5241
        }
    },
    "FTSE": {
        "front": {
            "0": 0.5466,
            "1": 0.7485999999999999,
            "2": 0.45330000000000004,
            "3": 0.2513,
            "4": 0.2572,
            "5": 0.7427,
            "6": 0.7978999999999999,
            "7": 0.7427,
            "8": 0.0,
            "9": 0.4592
        },
        "back": {
            "0": 0.2456,
            "1": 0.5018,
            "2": 0.2426,
            "3": 0.5118,
            "4": 0.7438,
            "5": 0.7544,
            "6": 0.7574,
            "7": 0.2426,
            "8": 0.2456,
            "9": 0.7544
        }
    },
    "DAX": {
        "front": {
            "0": 0.726,
            "1": 0.4652,
            "2": 0.5347999999999999,
            "3": 0.2493,
            "4": 0.2608,
            "5": 0.4899,
            "6": 0.7840999999999999,
            "7": 0.0,
            "8": 0.4899,
            "9": 0.9999999999999999
        },
        "back": {
            "0": 0.7983,
            "1": 0.2017,
            "2": 0.2636,
            "3": 0.49470000000000003,
            "4": 0.2017,
            "5": 0.3036,
            "6": 0.7688999999999999,
            "7": 0.7363999999999999,
            "8": 0.2311,
            "9": 1.0
        }
    },
    "NIKKEI": {
        "front": {
            "0": 0.2306,
            "1": 1.0,
            "2": 0.7766000000000001,
            "3": 0.7694,
            "4": 0.45399999999999996,
            "5": 0.2259,
            "6": 0.7741,
            "7": 0.0,
            "8": 0.7694,
            "9": 0.0
        },
        "back": {
            "0": 0.2492,
            "1": 0.0,
            "2": 0.451,
            "3": 0.0,
            "4": 1.0,
            "5": 0.5489999999999999,
            "6": 0.7507999999999999,
            "7": 0.451,
            "8": 0.7507999999999999,
            "9": 0.7982
        }
    },
    "SHE": {
        "front": {
            "0": 0.49229999999999996,
            "1": 0.0,
            "2": 0.0,
            "3": 0.78,
            "4": 0.7277,
            "5": 0.4545,
            "6": 0.0,
            "7": 0.7655,
            "8": 0.78,
            "9": 1.0
        },
        "back": {
            "0": 0.7527,
            "1": 0.0,
            "2": 0.5444,
            "3": 0.4556,
            "4": 0.2473,
            "5": 0.7527,
            "6": 0.7917,
            "7": 0.4556,
            "8": 0.2473,
            "9": 0.7527
        }
    },
    "TPE": {
        "front": {
            "0": 0.25,
            "1": 1.0001,
            "2": 0.0,
            "3": 0.5162,
            "4": 0.2411,
            "5": 0.7501,
            "6": 0.7501,
            "7": 0.25,
            "8": 0.759,
            "9": 0.4839
        },
        "back": {
            "0": 0.5366,
            "1": 0.0,
            "2": 0.4968,
            "3": 0.5366,
            "4": 1.0,
            "5": 0.2388,
            "6": 0.2388,
            "7": 0.2246,
            "8": 0.7278,
            "9": 1.0
        }
    },
    "HANGSENG": {
        "front": {
            "0": 0.7368,
            "1": 0.494,
            "2": 0.483,
            "3": 0.517,
            "4": 0.7572,
            "5": 0.7598,
            "6": 0.0,
            "7": 0.7462,
            "8": 0.2428,
            "9": 0.2632
        },
        "back": {
            "0": 0.2329,
            "1": 0.5306,
            "2": 1.0001,
            "3": 0.7635000000000001,
            "4": 0.7672000000000001,
            "5": 0.2329,
            "6": 0.46950000000000003,
            "7": 0.2366,
            "8": 0.7672000000000001,
            "9": 0.0
        }
    }
}