{
    "DJI": {
        "front": {
            "0": 0.2356,
            "1": 0.6814,
            "2": 1.0,
            "3": 0.0,
            "4": 0.2348,
            "5": 0.7644,
            "6": 0.5542,
            "7": 0.5296,
            "8": 0.3186,
            "9": 0.6814
        },
        "back": {
            "0": 0.5669,
            "1": 0.6925,
            "2": 0.2289,
            "3": 0.7405999999999999,
            "4": 0.5364,
            "5": 0.2289,
            "6": 0.7710999999999999,
            "7": 0.7710999999999999,
            "8": 0.0,
            "9": 0.4636
        }
    },
    "SENSEX": {
        "front": {
            "0": 0.2526,
            "1": 0.4797,
            "2": 0.5203,
            "3": 0.7474,
            "4": 0.7474,
            "5": 0.5267,
            "6": 0.4733,
            "7": 0.0,
            "8": 0.4988,
            "9": 0.7537999999999999
        },
        "back": {
            "0": 1.0,
            "1": 0.7852,
            "2": 0.7242000000000001,
            "3": 0.2758,
            "4": 0.4853,
            "5": 0.4537,
            "6": 0.4853,
            "7": 0.0,
            "8": 0.2758,
            "9": 0.5146999999999999
        }
    },
    "FTSE": {
        "front": {
            "0": 0.5477,
            "1": 0.7497,
            "2": 0.45230000000000004,
            "3": 0.5397000000000001,
            "4": 0.2503,
            "5": 0.7417,
            "6": 0.2583,
            "7": 1.0,
            "8": 0.0,
            "9": 0.4603
        },
        "back": {
            "0": 0.2373,
            "1": 0.9999,
            "2": 0.2513,
            "3": 0.4884,
            "4": 0.7397,
            "5": 0.7626,
            "6": 0.2602,
            "7": 0.0,
            "8": 0.4975,
            "9": 0.7626
        }
    },
    "DAX": {
        "front": {
            "0": 0.7251,
            "1": 0.2107,
            "2": 0.7432,
            "3": 0.0,
            "4": 0.5144,
            "5": 0.7424,
            "6": 0.5325,
            "7": 0.2568,
            "8": 0.4856,
            "9": 0.7892999999999999
        },
        "back": {
            "0": 0.48650000000000004,
            "1": 0.0,
            "2": 0.2604,
            "3": 0.48650000000000004,
            "4": 0.5136,
            "5": 0.5136,
            "6": 0.774,
            "7": 0.7397,
            "8": 0.7886,
            "9": 0.4376
        }
    },
    "NIKKEI": {
        "front": {
            "0": 0.2336,
            "1": 1.0001,
            "2": 0.783,
            "3": 0.7665,
            "4": 0.4507,
            "5": 0.0,
            "6": 1.0001,
            "7": 0.0,
            "8": 0.7665,
            "9": 0.0
        },
        "back": {
            "0": 0.2478,
            "1": 0.0,
            "2": 0.2087,
            "3": 0.0,
            "4": 1.0,
            "5": 0.5435000000000001,
            "6": 0.7522,
            "7": 0.7913,
            "8": 0.7486,
            "9": 0.7079
        }
    },
    "SHE": {
        "front": {
            "0": 0.5,
            "1": 0.0,
            "2": 0.0,
            "3": 0.49670000000000003,
            "4": 0.732,
            "5": 0.4607,
            "6": 0.5033,
            "7": 0.7713,
            "8": 0.768,
            "9": 0.768
        },
        "back": {
            "0": 0.7447999999999999,
            "1": 0.0,
            "2": 0.5287999999999999,
            "3": 0.47109999999999996,
            "4": 0.2551,
            "5": 0.7447999999999999,
            "6": 0.7838999999999999,
            "7": 0.47109999999999996,
            "8": 0.2551,
            "9": 0.7447999999999999
        }
    },
    "TPE": {
        "front": {
            "0": 0.2257,
            "1": 0.7744,
            "2": 0.254,
            "3": 0.2257,
            "4": 0.2257,
            "5": 0.7461,
            "6": 0.7461,
            "7": 0.7744,
            "8": 0.7744,
            "9": 0.254
        },
        "back": {
            "0": 0.5274,
            "1": 0.0,
            "2": 0.7477,
            "3": 0.7797000000000001,
            "4": 0.7427,
            "5": 0.2523,
            "6": 0.0,
            "7": 0.47759999999999997,
            "8": 0.4726,
            "9": 1.0
        }
    },
    "HANGSENG": {
        "front": {
            "0": 0.4925,
            "1": 0.2497,
            "2": 0.5019,
            "3": 0.7479,
            "4": 0.49820000000000003,
            "5": 1.0001,
            "6": 0.0,
            "7": 0.7598,
            "8": 0.2522,
            "9": 0.49820000000000003
        },
        "back": {
            "0": 0.4789,
            "1": 0.7481,
            "2": 0.5211,
            "3": 0.773,
            "4": 0.5211,
            "5": 0.4789,
            "6": 0.4789,
            "7": 0.0,
            "8": 0.7481,
            "9": 0.2519
        }
    }
}