{
    "DJI": {
        "front": {
            "0": 0.2393,
            "1": 0.6799,
            "2": 0.563,
            "3": 0.0,
            "4": 0.6799,
            "5": 0.4406,
            "6": 0.5594,
            "7": 0.5178,
            "8": 0.3201,
            "9": 1.0
        },
        "back": {
            "0": 0.5733999999999999,
            "1": 0.6929,
            "2": 0.2096,
            "3": 0.7336999999999999,
            "4": 0.5166999999999999,
            "5": 0.2096,
            "6": 0.7903999999999999,
            "7": 0.7903999999999999,
            "8": 0.0,
            "9": 0.48329999999999995
        }
    },
    "SENSEX": {
        "front": {
            "0": 0.0,
            "1": 0.7037,
            "2": 0.2963,
            "3": 0.7566,
            "4": 1.0,
            "5": 0.5397000000000001,
            "6": 0.46030000000000004,
            "7": 0.2434,
            "8": 0.2469,
            "9": 0.7531000000000001
        },
        "back": {
            "0": 1.0,
            "1": 0.5552,
            "2": 1.0,
            "3": 0.0,
            "4": 0.4448,
            "5": 0.4448,
            "6": 0.5057,
            "7": 0.0,
            "8": 0.5552,
            "9": 0.4943
        }
    },
    "FTSE": {
        "front": {
            "0": 0.5322,
            "1": 0.7303999999999999,
            "2": 0.2695,
            "3": 0.2779,
            "4": 0.4525,
            "5": 0.7456,
            "6": 0.5238,
            "7": 0.7456,
            "8": 0.0,
            "9": 0.722
        },
        "back": {
            "0": 0.2442,
            "1": 0.4968,
            "2": 0.2521,
            "3": 0.7559,
            "4": 0.7474999999999999,
            "5": 0.7559,
            "6": 0.4968,
            "7": 0.0,
            "8": 0.49539999999999995,
            "9": 0.7559
        }
    },
    "DAX": {
        "front": {
            "0": 0.47929999999999995,
            "1": 0.46709999999999996,
            "2": 0.5328999999999999,
            "3": 0.249,
            "4": 0.2612,
            "5": 0.7388,
            "6": 0.7818999999999999,
            "7": 0.2181,
            "8": 0.4898,
            "9": 0.7818999999999999
        },
        "back": {
            "0": 0.8029,
            "1": 0.2722,
            "2": 0.0,
            "3": 0.5122,
            "4": 0.197,
            "5": 0.4877,
            "6": 0.7599,
            "7": 0.7277,
            "8": 0.24,
            "9": 0.9999
        }
    },
    "NIKKEI": {
        "front": {
            "0": 0.2367,
            "1": 0.7632999999999999,
            "2": 0.46299999999999997,
            "3": 0.7632999999999999,
            "4": 0.45799999999999996,
            "5": 0.542,
            "6": 0.7736999999999999,
            "7": 0.0,
            "8": 0.9999999999999999,
            "9": 0.0
        },
        "back": {
            "0": 0.0,
            "1": 0.0,
            "2": 0.7494000000000001,
            "3": 0.0,
            "4": 1.0,
            "5": 0.5479,
            "6": 0.7482,
            "7": 0.7027,
            "8": 0.7027,
            "9": 0.5491
        }
    },
    "SHE": {
        "front": {
            "0": 0.4979,
            "1": 0.0,
            "2": 0.0,
            "3": 0.7778,
            "4": 0.7243,
            "5": 0.2222,
            "6": 0.0,
            "7": 1.0,
            "8": 1.0,
            "9": 0.7778
        },
        "back": {
            "0": 0.7650000000000001,
            "1": 0.0,
            "2": 0.5509,
            "3": 0.44920000000000004,
            "4": 0.2351,
            "5": 0.7650000000000001,
            "6": 0.7859999999999999,
            "7": 0.44920000000000004,
            "8": 0.2351,
            "9": 0.7650000000000001
        }
    },
    "TPE": {
        "front": {
            "0": 0.25,
            "1": 1.0001,
            "2": 0.0,
            "3": 0.5162,
            "4": 0.2411,
            "5": 0.7501,
            "6": 0.7501,
            "7": 0.25,
            "8": 0.759,
            "9": 0.4839
        },
        "back": {
            "0": 0.5366,
            "1": 0.0,
            "2": 0.4968,
            "3": 0.5366,
            "4": 1.0,
            "5": 0.2388,
            "6": 0.2388,
            "7": 0.2246,
            "8": 0.7278,
            "9": 1.0
        }
    },
    "HANGSENG": {
        "front": {
            "0": 0.7368,
            "1": 0.494,
            "2": 0.483,
            "3": 0.517,
            "4": 0.7572,
            "5": 0.7598,
            "6": 0.0,
            "7": 0.7462,
            "8": 0.2428,
            "9": 0.2632
        },
        "back": {
            "0": 0.2329,
            "1": 0.5306,
            "2": 1.0001,
            "3": 0.7635000000000001,
            "4": 0.7672000000000001,
            "5": 0.2329,
            "6": 0.46950000000000003,
            "7": 0.2366,
            "8": 0.7672000000000001,
            "9": 0.0
        }
    }
}