{
    "DJI": {
        "front": {
            "0": 0.228,
            "1": 0.6779,
            "2": 1.0,
            "3": 0.0,
            "4": 0.2348,
            "5": 0.772,
            "6": 0.5501,
            "7": 0.5372,
            "8": 0.3221,
            "9": 0.6779
        },
        "back": {
            "0": 0.5691999999999999,
            "1": 0.6909,
            "2": 0.2322,
            "3": 0.7401,
            "4": 0.5414,
            "5": 0.2322,
            "6": 0.7678999999999999,
            "7": 0.7678999999999999,
            "8": 0.0,
            "9": 0.4587
        }
    },
    "SENSEX": {
        "front": {
            "0": 0.2598,
            "1": 0.4848,
            "2": 0.5151,
            "3": 0.7401,
            "4": 0.7401,
            "5": 0.5323,
            "6": 0.4676,
            "7": 0.0,
            "8": 0.5024,
            "9": 0.7573
        },
        "back": {
            "0": 1.0,
            "1": 0.7962,
            "2": 0.7097,
            "3": 0.2903,
            "4": 0.478,
            "5": 0.4355,
            "6": 0.478,
            "7": 0.0,
            "8": 0.2903,
            "9": 0.522
        }
    },
    "FTSE": {
        "front": {
            "0": 0.5579000000000001,
            "1": 0.7565999999999999,
            "2": 0.4422,
            "3": 0.5375,
            "4": 0.2435,
            "5": 0.7362,
            "6": 0.2639,
            "7": 1.0001,
            "8": 0.0,
            "9": 0.4626
        },
        "back": {
            "0": 0.2481,
            "1": 1.0,
            "2": 0.2523,
            "3": 0.493,
            "4": 0.7453,
            "5": 0.7519,
            "6": 0.2547,
            "7": 0.0,
            "8": 0.5027999999999999,
            "9": 0.7519
        }
    },
    "DAX": {
        "front": {
            "0": 0.7137,
            "1": 0.2137,
            "2": 0.7546999999999999,
            "3": 0.0,
            "4": 0.5,
            "5": 0.7455,
            "6": 0.5409999999999999,
            "7": 0.2454,
            "8": 0.5001,
            "9": 0.7864
        },
        "back": {
            "0": 0.4889,
            "1": 0.0,
            "2": 0.2587,
            "3": 0.4889,
            "4": 0.5111,
            "5": 0.5111,
            "6": 0.7698,
            "7": 0.7413000000000001,
            "8": 0.7876000000000001,
            "9": 0.4426
        }
    },
    "NIKKEI": {
        "front": {
            "0": 0.2317,
            "1": 1.0,
            "2": 0.7815,
            "3": 0.7683,
            "4": 0.4502,
            "5": 0.0,
            "6": 0.4475,
            "7": 0.2317,
            "8": 0.7683,
            "9": 0.3208
        },
        "back": {
            "0": 0.2568,
            "1": 0.0,
            "2": 0.7202,
            "3": 0.0,
            "4": 1.0,
            "5": 0.2798,
            "6": 0.7432000000000001,
            "7": 1.0,
            "8": 0.2798,
            "9": 0.7202
        }
    },
    "SHE": {
        "front": {
            "0": 0.4919,
            "1": 0.0,
            "2": 0.0,
            "3": 0.2511,
            "4": 0.7489999999999999,
            "5": 0.47729999999999995,
            "6": 0.2717,
            "7": 1.0000999999999998,
            "8": 1.0000999999999998,
            "9": 0.7593
        },
        "back": {
            "0": 0.4424,
            "1": 0.0,
            "2": 0.5383,
            "3": 0.4617,
            "4": 0.5576,
            "5": 1.0,
            "6": 0.798,
            "7": 0.202,
            "8": 0.2597,
            "9": 0.7403
        }
    },
    "TPE": {
        "front": {
            "0": 0.2254,
            "1": 0.7746,
            "2": 0.2525,
            "3": 0.2254,
            "4": 0.2254,
            "5": 0.7475,
            "6": 1.0,
            "7": 0.7746,
            "8": 0.7746,
            "9": 0.0
        },
        "back": {
            "0": 0.5303,
            "1": 0.0,
            "2": 0.48460000000000003,
            "3": 0.7835,
            "4": 0.7378,
            "5": 0.2532,
            "6": 0.0,
            "7": 0.4787,
            "8": 0.7319,
            "9": 1.0
        }
    },
    "HANGSENG": {
        "front": {
            "0": 0.744,
            "1": 0.2606,
            "2": 0.5023,
            "3": 0.7582,
            "4": 0.49760000000000004,
            "5": 0.9999,
            "6": 0.0,
            "7": 0.49760000000000004,
            "8": 0.2417,
            "9": 0.49760000000000004
        },
        "back": {
            "0": 0.2521,
            "1": 0.5274,
            "2": 0.7479,
            "3": 0.7795,
            "4": 1.0,
            "5": 0.4726,
            "6": 0.4726,
            "7": 0.0,
            "8": 0.7479,
            "9": 0.0
        }
    }
}