{
    "DJI": {
        "front": {
            "0": 0.0,
            "1": 1.0,
            "2": 0.46049999999999996,
            "3": 0.0,
            "4": 0.6943999999999999,
            "5": 0.6943999999999999,
            "6": 0.5395,
            "7": 0.3056,
            "8": 0.5395,
            "9": 0.7661
        },
        "back": {
            "0": 0.8019,
            "1": 0.6875,
            "2": 0.1982,
            "3": 0.1982,
            "4": 0.5107999999999999,
            "5": 0.1982,
            "6": 0.8019,
            "7": 0.8019,
            "8": 0.0,
            "9": 0.8019
        }
    },
    "SENSEX": {
        "front": {
            "0": 0.2452,
            "1": 0.7015,
            "2": 0.2985,
            "3": 1.0,
            "4": 0.4563,
            "5": 0.5437,
            "6": 0.7015,
            "7": 0.2985,
            "8": 0.2362,
            "9": 0.5186
        },
        "back": {
            "0": 1.0,
            "1": 0.2758,
            "2": 0.4306,
            "3": 0.0,
            "4": 0.7806,
            "5": 1.0,
            "6": 0.5048,
            "7": 0.0,
            "8": 0.2194,
            "9": 0.7888000000000001
        }
    },
    "FTSE": {
        "front": {
            "0": 1.0,
            "1": 0.5414000000000001,
            "2": 0.4586,
            "3": 0.5414000000000001,
            "4": 0.2624,
            "5": 0.5541,
            "6": 0.2751,
            "7": 0.7376,
            "8": 0.1835,
            "9": 0.4459
        },
        "back": {
            "0": 0.2316,
            "1": 0.2573,
            "2": 0.2482,
            "3": 1.0,
            "4": 0.7427,
            "5": 0.7684,
            "6": 0.4889,
            "7": 0.0,
            "8": 0.49450000000000005,
            "9": 0.7684
        }
    },
    "DAX": {
        "front": {
            "0": 0.7123999999999999,
            "1": 0.2119,
            "2": 0.5549,
            "3": 0.0,
            "4": 0.5005,
            "5": 0.7329000000000001,
            "6": 0.7667999999999999,
            "7": 0.44520000000000004,
            "8": 0.521,
            "9": 0.5549
        },
        "back": {
            "0": 0.7895,
            "1": 0.4969,
            "2": 0.0,
            "3": 0.4969,
            "4": 0.2105,
            "5": 0.5031,
            "6": 0.7074,
            "7": 0.5031,
            "8": 0.7895,
            "9": 0.5031
        }
    },
    "NIKKEI": {
        "front": {
            "0": 0.3023,
            "1": 0.7511,
            "2": 0.7511,
            "3": 1.0,
            "4": 0.2489,
            "5": 0.4776,
            "6": 0.469,
            "7": 0.0,
            "8": 1.0,
            "9": 0.0
        },
        "back": {
            "0": 0.0,
            "1": 0.0,
            "2": 0.505,
            "3": 0.0,
            "4": 0.8140000000000001,
            "5": 0.43189999999999995,
            "6": 1.0001,
            "7": 1.0001,
            "8": 0.8140000000000001,
            "9": 0.4354
        }
    },
    "SHE": {
        "front": {
            "0": 0.49429999999999996,
            "1": 0.2717,
            "2": 0.0,
            "3": 0.7773000000000001,
            "4": 0.7282,
            "5": 0.2226,
            "6": 0.0,
            "7": 0.7282,
            "8": 0.9999,
            "9": 0.7773000000000001
        },
        "back": {
            "0": 0.7516999999999999,
            "1": 0.0,
            "2": 0.5417,
            "3": 0.45840000000000003,
            "4": 0.2532,
            "5": 0.7516999999999999,
            "6": 0.5368999999999999,
            "7": 0.45840000000000003,
            "8": 0.2484,
            "9": 1.0001
        }
    },
    "TPE": {
        "front": {
            "0": 0.0,
            "1": 1.0,
            "2": 0.7242,
            "3": 0.5302,
            "4": 0.2544,
            "5": 0.7456,
            "6": 0.2544,
            "7": 0.5267999999999999,
            "8": 0.7456,
            "9": 0.2188
        },
        "back": {
            "0": 0.7941,
            "1": 0.0,
            "2": 0.7430999999999999,
            "3": 0.2569,
            "4": 1.0,
            "5": 0.5371999999999999,
            "6": 0.2754,
            "7": 0.2059,
            "8": 0.4628,
            "9": 0.7245999999999999
        }
    },
    "HANGSENG": {
        "front": {
            "0": 0.7353000000000001,
            "1": 0.2646,
            "2": 0.4958,
            "3": 0.2646,
            "4": 0.7353000000000001,
            "5": 0.5242,
            "6": 0.2445,
            "7": 0.7353000000000001,
            "8": 0.4958,
            "9": 0.5041
        },
        "back": {
            "0": 0.4542,
            "1": 0.7605999999999999,
            "2": 1.0,
            "3": 0.7852,
            "4": 0.5458000000000001,
            "5": 0.2394,
            "6": 0.2148,
            "7": 0.0,
            "8": 0.7852,
            "9": 0.2148
        }
    }
}