{
    "HANGSENG": {
        "front": {
            "0": 0.7364999999999999,
            "1": 0.5065,
            "2": 0.7416,
            "3": 0.2635,
            "4": 0.7364999999999999,
            "5": 0.5219,
            "6": 0.0,
            "7": 1.0,
            "8": 0.2351,
            "9": 0.2584
        },
        "back": {
            "0": 0.2086,
            "1": 0.7914,
            "2": 1.0,
            "3": 0.4739,
            "4": 0.7914,
            "5": 0.489,
            "6": 0.45430000000000004,
            "7": 0.0,
            "8": 0.7914,
            "9": 0.0
        }
    },
    "SENSEX": {
        "front": {
            "0": 0.0,
            "1": 0.7052,
            "2": 0.5462,
            "3": 0.7485999999999999,
            "4": 1.0,
            "5": 0.5462,
            "6": 0.4538,
            "7": 0.0,
            "8": 0.2355,
            "9": 0.7645
        },
        "back": {
            "0": 0.9999999999999999,
            "1": 0.5702,
            "2": 0.7849999999999999,
            "3": 0.2895,
            "4": 0.49570000000000003,
            "5": 0.42979999999999996,
            "6": 0.215,
            "7": 0.0,
            "8": 0.7192999999999999,
            "9": 0.4955
        }
    },
    "DJI": {
        "front": {
            "0": 0.0,
            "1": 0.9999999999999999,
            "2": 0.44420000000000004,
            "3": 0.0,
            "4": 0.6793,
            "5": 0.6793,
            "6": 0.5558,
            "7": 0.3207,
            "8": 0.3207,
            "9": 0.9999999999999999
        },
        "back": {
            "0": 0.7917000000000001,
            "1": 0.6901999999999999,
            "2": 0.2084,
            "3": 0.5183,
            "4": 0.5183,
            "5": 0.2084,
            "6": 0.7917000000000001,
            "7": 0.7917000000000001,
            "8": 0.0,
            "9": 0.4818
        }
    },
    "SHE": {
        "front": {
            "0": 0.49429999999999996,
            "1": 0.2717,
            "2": 0.0,
            "3": 0.7773000000000001,
            "4": 0.7282,
            "5": 0.2226,
            "6": 0.0,
            "7": 0.7282,
            "8": 0.9999,
            "9": 0.7773000000000001
        },
        "back": {
            "0": 0.7516999999999999,
            "1": 0.0,
            "2": 0.5417,
            "3": 0.45840000000000003,
            "4": 0.2532,
            "5": 0.7516999999999999,
            "6": 0.5368999999999999,
            "7": 0.45840000000000003,
            "8": 0.2484,
            "9": 1.0001
        }
    },
    "NIKKEI": {
        "front": {
            "0": 0.0,
            "1": 0.7581000000000001,
            "2": 0.46719999999999995,
            "3": 0.9999000000000001,
            "4": 0.4622,
            "5": 0.3123,
            "6": 0.9999000000000001,
            "7": 0.0,
            "8": 0.9999000000000001,
            "9": 0.0
        },
        "back": {
            "0": 0.0,
            "1": 0.2569,
            "2": 0.5031,
            "3": 0.0,
            "4": 0.8030999999999999,
            "5": 0.4539,
            "6": 0.7432000000000001,
            "7": 0.694,
            "8": 1.0001,
            "9": 0.5462
        }
    },
    "FTSE": {
        "front": {
            "0": 0.7268,
            "1": 0.5386,
            "2": 0.46130000000000004,
            "3": 0.5386,
            "4": 0.2531,
            "5": 0.7468,
            "6": 0.46130000000000004,
            "7": 0.7468,
            "8": 0.0,
            "9": 0.5262
        },
        "back": {
            "0": 0.2404,
            "1": 0.743,
            "2": 0.257,
            "3": 0.5025999999999999,
            "4": 0.748,
            "5": 0.7596,
            "6": 0.7494000000000001,
            "7": 0.0,
            "8": 0.2404,
            "9": 0.7596
        }
    },
    "TPE": {
        "front": {
            "0": 0.2505,
            "1": 0.7494999999999999,
            "2": 0.2496,
            "3": 0.7690999999999999,
            "4": 0.2496,
            "5": 0.7504000000000001,
            "6": 0.4805,
            "7": 0.5195000000000001,
            "8": 0.4999,
            "9": 0.4814
        },
        "back": {
            "0": 0.5354,
            "1": 0.0,
            "2": 0.7459,
            "3": 0.7501000000000001,
            "4": 0.9999000000000001,
            "5": 0.2856,
            "6": 0.5038,
            "7": 0.2105,
            "8": 0.5038,
            "9": 0.4645
        }
    },
    "DAX": {
        "front": {
            "0": 0.4776,
            "1": 0.4621,
            "2": 0.5379,
            "3": 0.0,
            "4": 0.5029,
            "5": 0.4971,
            "6": 1.0,
            "7": 0.2184,
            "8": 0.5224,
            "9": 0.7816000000000001
        },
        "back": {
            "0": 0.8006,
            "1": 0.7131000000000001,
            "2": 0.0,
            "3": 0.2328,
            "4": 0.4803,
            "5": 0.287,
            "6": 0.4865,
            "7": 0.7673,
            "8": 0.5136000000000001,
            "9": 0.7193
        }
    }
}