{
    "HANGSENG": {
        "front": {
            "0": 0.7353000000000001,
            "1": 0.2646,
            "2": 0.4958,
            "3": 0.2646,
            "4": 0.7353000000000001,
            "5": 0.5242,
            "6": 0.2445,
            "7": 0.7353000000000001,
            "8": 0.4958,
            "9": 0.5041
        },
        "back": {
            "0": 0.4542,
            "1": 0.7605999999999999,
            "2": 1.0,
            "3": 0.7852,
            "4": 0.5458000000000001,
            "5": 0.2394,
            "6": 0.2148,
            "7": 0.0,
            "8": 0.7852,
            "9": 0.2148
        }
    },
    "SENSEX": {
        "front": {
            "0": 0.239,
            "1": 0.6932,
            "2": 0.7682,
            "3": 0.761,
            "4": 0.6932,
            "5": 0.5458000000000001,
            "6": 0.2318,
            "7": 0.3068,
            "8": 0.2224,
            "9": 0.5386
        },
        "back": {
            "0": 1.0,
            "1": 0.2946,
            "2": 0.4214,
            "3": 0.0,
            "4": 0.4836,
            "5": 1.0,
            "6": 0.2946,
            "7": 0.284,
            "8": 0.7054,
            "9": 0.5164
        }
    },
    "DJI": {
        "front": {
            "0": 0.2377,
            "1": 0.7027,
            "2": 0.7027,
            "3": 0.2377,
            "4": 0.46499999999999997,
            "5": 0.7623,
            "6": 0.2973,
            "7": 0.2973,
            "8": 0.2973,
            "9": 1.0
        },
        "back": {
            "0": 0.8076000000000001,
            "1": 0.6871999999999999,
            "2": 0.1924,
            "3": 0.5052,
            "4": 0.1924,
            "5": 0.1924,
            "6": 0.8076000000000001,
            "7": 0.8076000000000001,
            "8": 0.0,
            "9": 0.8076000000000001
        }
    },
    "SHE": {
        "front": {
            "0": 0.48639999999999994,
            "1": 0.0,
            "2": 0.0,
            "3": 0.5084,
            "4": 0.7285999999999999,
            "5": 0.215,
            "6": 0.2766,
            "7": 1.0,
            "8": 0.7849999999999999,
            "9": 1.0
        },
        "back": {
            "0": 0.7424999999999999,
            "1": 0.2574,
            "2": 0.525,
            "3": 0.4749,
            "4": 0.525,
            "5": 0.7424999999999999,
            "6": 0.2574,
            "7": 0.4592,
            "8": 0.2574,
            "9": 0.7582
        }
    },
    "NIKKEI": {
        "front": {
            "0": 0.3023,
            "1": 0.7511,
            "2": 0.7511,
            "3": 1.0,
            "4": 0.2489,
            "5": 0.4776,
            "6": 0.469,
            "7": 0.0,
            "8": 1.0,
            "9": 0.0
        },
        "back": {
            "0": 0.0,
            "1": 0.0,
            "2": 0.505,
            "3": 0.0,
            "4": 0.8140000000000001,
            "5": 0.43189999999999995,
            "6": 1.0001,
            "7": 1.0001,
            "8": 0.8140000000000001,
            "9": 0.4354
        }
    },
    "FTSE": {
        "front": {
            "0": 0.2706,
            "1": 1.0001000000000002,
            "2": 0.2683,
            "3": 0.7318,
            "4": 0.4447,
            "5": 0.5554,
            "6": 0.2683,
            "7": 0.7295,
            "8": 0.1741,
            "9": 0.5577000000000001
        },
        "back": {
            "0": 0.4804,
            "1": 0.2472,
            "2": 0.0,
            "3": 0.7528,
            "4": 0.7395,
            "5": 0.7668,
            "6": 0.7409,
            "7": 0.2605,
            "8": 0.49229999999999996,
            "9": 0.5196000000000001
        }
    },
    "TPE": {
        "front": {
            "0": 0.0,
            "1": 1.0,
            "2": 0.7242000000000001,
            "3": 0.5302,
            "4": 0.2544,
            "5": 0.7455999999999999,
            "6": 0.2544,
            "7": 0.5267999999999999,
            "8": 0.7455999999999999,
            "9": 0.2188
        },
        "back": {
            "0": 0.7941,
            "1": 0.0,
            "2": 0.7430999999999999,
            "3": 0.2569,
            "4": 1.0,
            "5": 0.5371999999999999,
            "6": 0.2754,
            "7": 0.2059,
            "8": 0.4628,
            "9": 0.7245999999999999
        }
    },
    "DAX": {
        "front": {
            "0": 0.4781,
            "1": 0.458,
            "2": 0.542,
            "3": 0.2333,
            "4": 0.2534,
            "5": 0.5219,
            "6": 1.0,
            "7": 0.2247,
            "8": 0.5133000000000001,
            "9": 0.7753000000000001
        },
        "back": {
            "0": 0.5649,
            "1": 0.4861,
            "2": 0.0,
            "3": 0.7862,
            "4": 0.2139,
            "5": 0.514,
            "6": 0.7,
            "7": 0.43520000000000003,
            "8": 0.5214,
            "9": 0.7787999999999999
        }
    }
}