{
    "DJI": {
        "front": {
            "0": 0.2352,
            "1": 0.6821,
            "2": 1.0001,
            "3": 0.0,
            "4": 0.2363,
            "5": 0.7649,
            "6": 0.5532,
            "7": 0.5286,
            "8": 0.318,
            "9": 0.6821
        },
        "back": {
            "0": 0.5658,
            "1": 0.6918,
            "2": 0.2295,
            "3": 0.7424,
            "4": 0.5377,
            "5": 0.2295,
            "6": 0.7705,
            "7": 0.7705,
            "8": 0.0,
            "9": 0.4623
        }
    },
    "SENSEX": {
        "front": {
            "0": 0.2526,
            "1": 0.4797,
            "2": 0.5203,
            "3": 0.7474,
            "4": 0.7474,
            "5": 0.5267,
            "6": 0.4733,
            "7": 0.0,
            "8": 0.4988,
            "9": 0.7537999999999999
        },
        "back": {
            "0": 1.0,
            "1": 0.7852,
            "2": 0.7242000000000001,
            "3": 0.2758,
            "4": 0.4853,
            "5": 0.4537,
            "6": 0.4853,
            "7": 0.0,
            "8": 0.2758,
            "9": 0.5146999999999999
        }
    },
    "FTSE": {
        "front": {
            "0": 0.5477,
            "1": 0.7497,
            "2": 0.45230000000000004,
            "3": 0.5397000000000001,
            "4": 0.2503,
            "5": 0.7417,
            "6": 0.2583,
            "7": 1.0,
            "8": 0.0,
            "9": 0.4603
        },
        "back": {
            "0": 0.2373,
            "1": 0.9999,
            "2": 0.2513,
            "3": 0.4884,
            "4": 0.7397,
            "5": 0.7626,
            "6": 0.2602,
            "7": 0.0,
            "8": 0.4975,
            "9": 0.7626
        }
    },
    "DAX": {
        "front": {
            "0": 0.7251,
            "1": 0.2107,
            "2": 0.7432,
            "3": 0.0,
            "4": 0.5144,
            "5": 0.7424,
            "6": 0.5325,
            "7": 0.2568,
            "8": 0.4856,
            "9": 0.7892999999999999
        },
        "back": {
            "0": 0.48650000000000004,
            "1": 0.0,
            "2": 0.2604,
            "3": 0.48650000000000004,
            "4": 0.5136,
            "5": 0.5136,
            "6": 0.774,
            "7": 0.7397,
            "8": 0.7886,
            "9": 0.4376
        }
    },
    "NIKKEI": {
        "front": {
            "0": 0.2433,
            "1": 1.0001,
            "2": 0.7896,
            "3": 0.7568,
            "4": 0.4538,
            "5": 0.0,
            "6": 0.4351,
            "7": 0.2433,
            "8": 0.7568,
            "9": 0.3217
        },
        "back": {
            "0": 0.2518,
            "1": 0.0,
            "2": 0.7167,
            "3": 0.0,
            "4": 1.0,
            "5": 0.2833,
            "6": 0.7482,
            "7": 1.0,
            "8": 0.2833,
            "9": 0.7167
        }
    },
    "SHE": {
        "front": {
            "0": 0.4936,
            "1": 0.0,
            "2": 0.0,
            "3": 0.2557,
            "4": 0.7442,
            "5": 0.47350000000000003,
            "6": 0.2707,
            "7": 0.9999,
            "8": 0.9999,
            "9": 0.762
        },
        "back": {
            "0": 0.4452,
            "1": 0.0,
            "2": 0.5304,
            "3": 0.4696,
            "4": 0.5548,
            "5": 1.0,
            "6": 0.796,
            "7": 0.204,
            "8": 0.2656,
            "9": 0.7343999999999999
        }
    },
    "TPE": {
        "front": {
            "0": 0.2141,
            "1": 0.7859,
            "2": 0.2578,
            "3": 0.2141,
            "4": 0.2141,
            "5": 0.7422,
            "6": 1.0,
            "7": 0.7859,
            "8": 0.7859,
            "9": 0.0
        },
        "back": {
            "0": 0.5201,
            "1": 0.0,
            "2": 0.49169999999999997,
            "3": 0.7741,
            "4": 0.7457,
            "5": 0.254,
            "6": 0.0,
            "7": 0.4802,
            "8": 0.7342,
            "9": 1.0
        }
    },
    "HANGSENG": {
        "front": {
            "0": 0.7422,
            "1": 0.2558,
            "2": 0.499,
            "3": 0.7569,
            "4": 0.5011,
            "5": 1.0001,
            "6": 0.0,
            "7": 0.5011,
            "8": 0.2432,
            "9": 0.5011
        },
        "back": {
            "0": 0.2508,
            "1": 0.5239,
            "2": 0.7492000000000001,
            "3": 0.7747,
            "4": 1.0,
            "5": 0.4761,
            "6": 0.4761,
            "7": 0.0,
            "8": 0.7492000000000001,
            "9": 0.0
        }
    }
}